<?xml version="1.0" encoding="UTF-8"?>
<project-private xmlns="http://www.netbeans.org/ns/project-private/1">
    <open-files xmlns="http://www.netbeans.org/ns/projectui-open-files/2">
        <group>
            <file>file:/C:/Users/Rayan/OneDrive/Documents/GitHub/advertisement/src/advertisement/EmployeesToOrders.java</file>
            <file>file:/C:/Users/Rayan/OneDrive/Documents/GitHub/advertisement/src/advertisement/CustomerView.java</file>
            <file>file:/C:/Users/Rayan/OneDrive/Documents/GitHub/advertisement/src/advertisement/Employees.java</file>
            <file>file:/C:/Users/Rayan/OneDrive/Documents/GitHub/advertisement/src/advertisement/Inventory.java</file>
        </group>
    </open-files>
</project-private>
